[0, 0, 0];0.982;0.0
[0, 0, 2];11.7217826087;9.86012040134
[0, 0, 3];0.355;0.0224234234234
[0, 0, 4];0.962;0.0
[0, 0, 5];35.0862307692;3.89550167224
[0, 0, 6];35.0860133779;3.0456187291
[0, 0, 7];68.4528033333;22.01216
[0, 0, 8];0.982;0.0
[0, 0, 9];3.701;0.0
[0, 0, 11];68.4526655518;20.3437190635
[0, 1, 0];11.7227424749;21.2782441472
[0, 1, 1];3.216;0.0
[0, 1, 2];68.4542433333;39.4416333333
[0, 1, 3];173.872441472;168.153210702
[0, 1, 4];11.7225652174;18.8464214047
[0, 1, 5];35.0875117057;18.2910668896
[0, 1, 6];3.216;0.0
[0, 1, 7];0.962;0.0
[0, 1, 9];0.982;0.0
[0, 1, 10];0.788;0.0
[0, 1, 11];2.25;0.0
[0, 1, 12];0.788;0.0
[0, 2, 0];0.161;0.0
[0, 2, 1];3.216;0.0
[0, 2, 2];173.879832776;258.167602007
[0, 2, 3];0.161;0.0
[0, 2, 4];3.701;0.0
[0, 2, 5];35.0865284281;6.48302675585
[0, 2, 6];3.216;0.0
[0, 3, 0];68.45447;42.0407533333
[0, 3, 1];173.874344482;191.559287625
[0, 3, 2];0.962;0.0
[0, 3, 3];11.7222073579;15.0416287625
[0, 4, 0];0.788;0.0
[0, 4, 1];2.25;0.0
[0, 4, 2];0.788;0.0
[0, 5, 0];3.701;0.0
[0, 5, 1];3.701;0.0
[0, 5, 2];0.788;0.0
[0, 6, 0];173.882795987;294.653341137
[0, 6, 1];0.355;0.0701711711712
[0, 6, 2];11.7219665552;11.602006689
[0, 6, 3];2.25;0.0
[0, 6, 4];68.4573666667;76.5850833333
[0, 6, 5];11.7215150502;6.15375919732
[0, 6, 7];0.962;0.0
[0, 6, 8];0.355;0.0277027027027
[0, 6, 9];0.788;0.0
[0, 6, 10];35.0863545151;4.69398327759
[0, 6, 11];11.7236086957;31.4244882943
[0, 6, 12];3.216;0.0
[0, 6, 13];0.962;0.0
[0, 7, 0];173.8869699;344.009076923
[0, 7, 1];3.701;0.0
[0, 7, 2];3.701;0.0
[0, 7, 3];0.962;0.0
[0, 7, 4];3.701;0.0
[0, 7, 5];0.962;0.0
[0, 7, 6];68.45249;18.0387133333
[0, 7, 7];11.7235652174;30.7325585284
[0, 7, 8];3.216;0.0
[0, 8, 0];11.7216722408;9.01608026756
[0, 8, 1];0.962;0.0
[0, 8, 2];0.355;0.0258108108108
[0, 8, 3];0.788;0.0
[0, 8, 4];35.0866488294;8.68858528428
[0, 8, 5];0.355;0.0705675675676
[0, 8, 7];0.962;0.0
[0, 8, 8];0.161;0.0
[0, 8, 9];68.4545833333;43.2665333333
[0, 9, 0];0.161;0.0
[0, 9, 1];35.0869063545;11.0136053512
[0, 9, 2];0.355;0.0367117117117
[0, 9, 3];0.161;0.0
[0, 9, 4];0.788;0.0
[0, 9, 5];0.161;0.0
[0, 9, 6];0.161;0.0
[0, 9, 7];173.872026756;162.394498328
[0, 9, 8];173.889822742;377.833668896
[0, 9, 9];3.216;0.0
[0, 9, 10];3.216;0.0
[0, 9, 11];0.962;0.0
[0, 9, 12];0.161;0.0
[0, 9, 13];0.982;0.0
[0, 10, 0];3.216;0.0
[0, 10, 1];173.883287625;299.7629699
[0, 10, 2];35.0868929766;10.9103979933
[0, 11, 0];0.788;0.0
[0, 11, 1];0.962;0.0
[0, 11, 2];68.4526533333;20.2225866667
[0, 11, 3];0.962;0.0
[0, 12, 0];35.0866588629;9.00215384615
[0, 12, 1];3.216;0.0
[0, 12, 2];0.982;0.0
[0, 12, 4];0.788;0.0
[0, 13, 0];173.873107023;176.752090301
[0, 13, 1];173.872217391;165.333056856
[0, 13, 2];3.701;0.0
[0, 13, 3];173.889963211;379.72129097
[0, 13, 4];0.355;0.036
[0, 13, 5];11.722638796;19.7783076923
[0, 13, 6];2.25;0.0
[0, 13, 7];35.0864481605;5.52737458194
[0, 13, 8];2.25;0.0
[0, 13, 9];3.216;0.0
[0, 13, 10];0.161;0.0
[0, 13, 11];11.722270903;15.6091036789
[1, 0, 1];35.0862842809;4.21020401338
[1, 1, 1];0.355;0.0390630630631
[1, 1, 2];3.216;0.0
[1, 2, 0];173.893822742;426.596602007
[1, 2, 1];0.355;0.0263603603604
[1, 2, 2];0.962;0.0
[1, 2, 3];35.0869063545;11.0504782609
[1, 2, 4];11.7224615385;17.5388227425
[1, 2, 5];173.878779264;244.859324415
[1, 2, 6];0.962;0.0
[2, 0, 0];0.788;0.0
[2, 0, 2];0.161;0.0
[2, 0, 3];3.216;0.0
[2, 0, 4];3.216;0.0
[2, 0, 5];3.701;0.0
[2, 0, 6];0.982;0.0
[2, 0, 7];0.161;0.0
[2, 0, 8];0.355;0.040018018018
[2, 0, 9];2.25;0.0
[2, 0, 11];0.962;0.0
[2, 0, 12];0.355;0.0214414414414
[2, 0, 13];11.722812709;21.9526254181
[2, 1, 1];11.7230401338;24.4744682274
[2, 2, 0];68.45548;54.0576066667
[2, 2, 1];3.216;0.0
[2, 2, 2];0.161;0.0
[2, 2, 3];173.874023411;188.040852843
[2, 2, 4];173.87948495;254.631170569
[2, 2, 5];173.869939799;138.331886288
[2, 2, 6];3.216;0.0
[2, 2, 7];68.45411;37.6206733333
[2, 2, 8];3.216;0.0
[2, 3, 0];0.355;0.0358108108108
[2, 3, 1];68.45298;23.83364
[2, 3, 3];3.216;0.0
[2, 3, 4];2.25;0.0
[2, 3, 5];3.216;0.0
[2, 3, 6];0.788;0.0
[2, 3, 7];0.962;0.0
[2, 3, 8];3.216;0.0
[2, 3, 9];0.788;0.0
[2, 4, 0];0.161;0.0
[2, 4, 1];68.45706;73.2509266667
[2, 4, 2];3.216;0.0
[2, 4, 3];0.982;0.0
[2, 4, 4];3.701;0.0
[2, 5, 0];35.0860401338;3.14068896321
[2, 5, 1];3.216;0.0
[2, 5, 2];0.355;0.0445585585586
[2, 5, 3];173.871444816;156.616832776
[2, 5, 4];11.723083612;24.9739397993
[2, 5, 5];0.355;0.0269099099099
[2, 5, 6];0.788;0.0
[2, 5, 7];35.0872374582;15.4680334448
[2, 5, 8];0.982;0.0
[2, 5, 9];0.962;0.0
[2, 5, 11];2.25;0.0
[3, 0, 0];0.355;0.0284144144144
[3, 0, 1];3.216;0.0
[3, 0, 4];68.4536566667;32.2771966667
[3, 0, 5];0.982;0.0
[3, 0, 6];0.355;0.0255315315315
[3, 0, 7];0.161;0.0
[3, 0, 8];0.161;0.0
[3, 0, 9];173.899989967;500.124140468
[3, 0, 11];0.161;0.0
[3, 0, 12];3.216;0.0
[3, 0, 13];35.0871705686;14.7582474916
[3, 1, 0];173.889742475;377.85219398
[3, 1, 1];3.701;0.0
[3, 1, 2];3.701;0.0
[3, 1, 3];2.25;0.0
[3, 1, 4];11.7216588629;8.90076588629
[3, 1, 5];3.216;0.0
[3, 2, 0];3.216;0.0
[3, 2, 1];0.962;0.0
[3, 2, 2];0.962;0.0
[3, 2, 3];68.4535266667;30.6398066667
[3, 2, 4];3.701;0.0
[3, 2, 5];3.701;0.0
[3, 3, 0];3.216;0.0
[3, 3, 2];35.0863846154;4.92857859532
[3, 3, 3];11.7225652174;18.8249498328
[3, 3, 4];2.25;0.0
[3, 3, 6];3.216;0.0
[3, 3, 7];3.701;0.0
[3, 3, 8];0.355;0.0388738738739
[3, 3, 9];3.216;0.0
[3, 3, 10];68.4537566667;33.32536
[3, 3, 11];68.4536733333;32.4927866667
[3, 3, 12];0.355;0.0286666666667
[3, 3, 13];0.161;0.0
[4, 0, 0];0.788;0.0
[4, 0, 1];0.355;0.0876216216216
[4, 0, 2];0.982;0.0
[4, 0, 4];3.701;0.0
[4, 0, 5];0.161;0.0
[4, 0, 7];35.0868053691;10.1786174497
[4, 0, 8];35.0866979866;9.29416778523
[4, 0, 9];0.962;0.0
[4, 0, 10];3.216;0.0
[4, 1, 0];68.4575201342;79.2183624161
[4, 1, 1];68.4547281879;45.5021174497
[4, 1, 2];0.788;0.0
[4, 1, 3];3.216;0.0
[4, 2, 0];0.161;0.0
[4, 2, 1];0.355;0.0467387387387
[4, 2, 2];11.7226120401;19.4757190635
[4, 3, 0];35.0860838926;3.28932550336
[4, 3, 1];11.723458194;29.4471438127
[4, 3, 2];68.4534697987;30.0018791946
[4, 3, 3];0.982;0.0
[4, 3, 4];68.4560671141;61.6473926174
[4, 3, 5];0.161;0.0
[4, 4, 0];0.161;0.0
[4, 4, 1];11.7229866221;23.8321973244
[4, 4, 2];2.25;0.0
[4, 4, 3];173.873848993;185.783590604
[4, 4, 4];3.216;0.0
[4, 4, 5];3.701;0.0
[4, 4, 6];0.982;0.0
[4, 4, 7];3.216;0.0
[4, 4, 8];0.355;0.054045045045
[4, 4, 9];68.4557114094;57.3178557047
[4, 4, 10];68.4551979866;51.1440838926
[4, 4, 12];2.25;0.0
[4, 5, 0];0.788;0.0
[4, 5, 1];0.161;0.0
[4, 5, 2];0.962;0.0
[4, 5, 4];68.4579328859;84.1914563758
[4, 5, 5];35.0864597315;5.66959395973
[4, 5, 6];0.982;0.0
[4, 5, 7];3.701;0.0
[4, 5, 8];3.701;0.0
[4, 6, 0];35.0862684564;4.15702684564
[4, 6, 1];0.962;0.0
[4, 7, 0];68.4556711409;56.639852349
[4, 7, 1];173.896154362;456.499647651
[4, 7, 2];3.216;0.0
[4, 7, 3];68.4526442953;20.1527214765
[4, 7, 5];68.4546644295;44.8538624161
[4, 7, 6];3.216;0.0
[4, 7, 7];3.216;0.0
[4, 7, 8];3.701;0.0
[4, 7, 9];0.355;0.0838198198198
[4, 7, 10];0.788;0.0
[4, 7, 11];2.25;0.0
[4, 7, 12];0.788;0.0
[4, 7, 13];3.216;0.0
[4, 8, 1];3.701;0.0
[4, 8, 2];0.161;0.0
[4, 8, 3];0.355;0.0272162162162
[4, 8, 4];3.216;0.0
[4, 9, 0];0.962;0.0
[4, 9, 1];2.25;0.0
[4, 9, 2];3.701;0.0
[4, 9, 3];11.7236153846;31.4944113712
[4, 9, 4];3.216;0.0
[4, 9, 5];11.7221204013;13.6338528428
[4, 9, 6];0.982;0.0
[4, 10, 0];3.216;0.0
[4, 10, 1];0.982;0.0
[4, 10, 2];0.161;0.0
[4, 10, 3];0.161;0.0
[4, 10, 4];3.216;0.0
[4, 10, 5];0.788;0.0
[4, 11, 0];173.874100671;189.844395973
[4, 11, 1];0.161;0.0
[4, 11, 2];68.4547986577;46.1733053691
[4, 11, 3];0.982;0.0
[4, 12, 0];68.4531073826;25.6333791946
[4, 12, 1];0.788;0.0
[4, 12, 2];0.788;0.0
[4, 12, 3];0.355;0.0507747747748
[4, 12, 4];11.7226521739;20.0233879599
[4, 12, 5];0.982;0.0
[4, 12, 6];0.788;0.0
[4, 12, 7];11.7227023411;20.8706521739
[4, 12, 8];3.216;0.0
[4, 12, 9];3.216;0.0
[4, 12, 10];0.962;0.0
[4, 12, 11];0.788;0.0
[4, 12, 12];68.4541375839;38.4276946309
[4, 13, 1];3.216;0.0
[4, 13, 2];0.788;0.0
[4, 13, 3];0.161;0.0
[4, 13, 4];0.788;0.0
[4, 13, 5];68.4525134228;18.287442953
[4, 13, 6];2.25;0.0
[4, 13, 7];0.962;0.0
[4, 13, 8];35.0863959732;5.04790268456
[4, 13, 9];11.7221906355;14.9011337793
[4, 13, 10];173.877533557;231.747825503
[4, 13, 13];173.867151007;105.1195
[5, 0, 0];3.216;0.0
[5, 0, 1];2.25;0.0
[5, 0, 2];2.25;0.0
[5, 0, 3];11.722173913;14.4307658863
[5, 0, 4];2.25;0.0
[5, 1, 0];2.25;0.0
[5, 1, 1];2.25;0.0
[5, 1, 3];3.216;0.0
[5, 1, 4];0.355;0.0678648648649
[5, 1, 5];68.454385906;41.1900201342
[5, 1, 6];0.982;0.0
[6, 0, 0];0.355;0.0208828828829
[6, 0, 1];0.962;0.0
[6, 0, 2];0.962;0.0
[6, 0, 3];3.701;0.0
[6, 0, 4];173.876127517;213.747973154
[6, 1, 0];2.25;0.0
[6, 1, 1];3.701;0.0
[6, 1, 2];68.4536979866;32.9478926174
[6, 1, 3];3.701;0.0
[6, 1, 4];2.25;0.0
[6, 1, 5];0.962;0.0
[6, 1, 6];0.982;0.0
[6, 1, 7];0.355;0.0914504504505
[6, 1, 8];0.982;0.0
[6, 2, 0];3.216;0.0
[6, 2, 1];0.982;0.0
[6, 2, 2];11.7226287625;19.6199264214
[6, 2, 3];35.086;2.81996308725
[6, 3, 1];173.912003356;649.107265101
[6, 3, 2];0.161;0.0
[6, 3, 3];3.216;0.0
[6, 3, 4];0.982;0.0
[6, 3, 5];3.216;0.0
[6, 3, 6];0.788;0.0
[6, 3, 7];3.216;0.0
[6, 3, 8];0.161;0.0
[7, 0, 0];0.982;0.0
[7, 0, 1];2.25;0.0
[7, 0, 2];3.216;0.0
[7, 0, 3];3.216;0.0
[7, 0, 4];0.962;0.0
[7, 0, 5];68.4532248322;27.3192684564
[7, 0, 6];0.161;0.0
[7, 1, 0];0.982;0.0
[7, 1, 1];0.161;0.0
[7, 2, 0];0.788;0.0
[7, 2, 1];11.7219197324;11.1360501672
[7, 2, 2];3.216;0.0
[7, 2, 3];0.962;0.0
[7, 2, 4];3.701;0.0
[7, 2, 5];0.355;0.0369369369369
[7, 2, 6];3.701;0.0
[7, 2, 7];3.216;0.0
[7, 2, 8];3.701;0.0
[7, 2, 9];35.0872852349;15.9602684564
[7, 2, 10];11.721541806;6.48588963211
[7, 3, 0];0.161;0.0
[7, 3, 1];0.962;0.0
[7, 3, 2];0.161;0.0
[7, 3, 3];68.4561879195;63.4100067114
[7, 3, 4];0.355;0.0246846846847
[7, 3, 5];68.4540771812;37.5145033557
[7, 3, 6];3.216;0.0
[7, 3, 9];3.701;0.0
[7, 4, 0];0.982;0.0
[7, 4, 1];0.982;0.0
[7, 4, 2];0.355;0.103711711712
[7, 4, 3];173.869926174;138.649268456
[7, 4, 4];173.881191275;275.639412752
[7, 5, 0];0.788;0.0
[7, 5, 1];0.355;0.0419369369369
[7, 6, 1];173.887261745;348.752369128
[7, 7, 0];0.962;0.0
[7, 7, 1];3.701;0.0
[7, 7, 2];11.7220234114;12.2538494983
[7, 7, 3];0.982;0.0
[7, 7, 4];68.4557181208;57.5180939597
[7, 7, 5];0.161;0.0
[7, 7, 6];35.087057047;12.8995369128
[7, 7, 7];3.701;0.0
[7, 7, 8];0.788;0.0
[7, 7, 10];173.890778523;391.608040268
[7, 7, 11];0.962;0.0
[7, 8, 0];0.982;0.0
[7, 8, 1];68.4548791946;47.2389899329
[7, 8, 2];68.4526778523;20.594466443
[7, 8, 3];35.0865033557;6.12269798658
[7, 8, 4];11.7223277592;16.1646020067
[7, 9, 0];0.161;0.0
[7, 9, 1];0.161;0.0
[7, 9, 2];0.982;0.0
[7, 9, 3];3.216;0.0
[7, 9, 4];3.216;0.0
[7, 9, 5];3.216;0.0
[7, 9, 6];0.982;0.0
[7, 9, 7];0.355;0.0293603603604
[7, 10, 0];3.216;0.0
[7, 10, 1];173.868671141;123.320530201
[7, 10, 2];0.962;0.0
[7, 10, 3];35.0866040268;7.8130704698
[7, 10, 4];0.788;0.0
[7, 10, 5];3.216;0.0
[7, 10, 6];3.216;0.0
[7, 10, 7];0.982;0.0
[7, 10, 8];2.25;0.0
[7, 10, 9];2.25;0.0
[7, 10, 10];3.216;0.0
[8, 0, 0];11.7221605351;14.3132374582
[8, 0, 1];35.0869563758;11.6614563758
[8, 0, 3];68.4545939597;43.7954362416
[8, 0, 4];35.0866744966;9.16651677852
[8, 0, 5];0.962;0.0
[8, 0, 6];2.25;0.0
[8, 0, 7];0.788;0.0
[8, 1, 0];0.355;0.0256036036036
[8, 1, 1];2.25;0.0
[8, 1, 3];68.4538221477;34.3703489933
[8, 1, 4];0.161;0.0
[8, 1, 5];68.454885906;47.1321845638
[8, 1, 6];11.7219698997;11.6137926421
[8, 1, 7];35.087057047;12.9610201342
[8, 1, 8];2.25;0.0
[8, 2, 0];0.962;0.0
[8, 2, 1];2.25;0.0
[8, 2, 2];3.216;0.0
[8, 2, 3];173.878469799;241.360661074
[8, 2, 5];3.216;0.0
[8, 2, 6];3.216;0.0
[8, 3, 0];11.7225083612;18.1466588629
[8, 3, 1];3.216;0.0
[8, 3, 2];35.087147651;14.3620503356
[8, 4, 0];3.216;0.0
[8, 4, 1];68.4560234899;61.0961711409
[9, 0, 0];0.161;0.0
[9, 0, 1];3.216;0.0
[9, 0, 2];0.161;0.0
[9, 0, 3];0.788;0.0
[9, 0, 4];2.25;0.0
[9, 0, 5];0.355;0.0556936936937
[9, 0, 6];0.788;0.0
[9, 0, 7];0.788;0.0
[9, 0, 8];3.216;0.0
[9, 0, 9];11.7221070234;13.4494816054
[9, 0, 10];3.701;0.0
[9, 0, 11];3.701;0.0
[9, 0, 12];0.962;0.0
[9, 0, 13];0.982;0.0
[9, 1, 0];2.25;0.0
[9, 1, 1];0.962;0.0
[9, 1, 2];0.788;0.0
[9, 1, 3];11.7215852843;7.17214381271
[9, 1, 4];68.4532651007;27.9198322148
[9, 1, 5];0.962;0.0
[9, 1, 6];0.161;0.0
[9, 1, 7];0.788;0.0
[9, 1, 8];2.25;0.0
[9, 1, 9];173.872684564;171.975191275
[9, 2, 0];0.355;0.0786486486486
[9, 2, 1];35.0865838926;7.38547986577
[9, 2, 2];3.216;0.0
[9, 2, 3];2.25;0.0
[9, 2, 4];35.0873355705;16.4521711409
[9, 2, 5];2.25;0.0
[9, 3, 0];11.7221003344;13.3992006689
[9, 3, 1];35.086;2.87905704698
[9, 3, 2];11.7234816054;29.8138929766
[9, 3, 4];0.982;0.0
[9, 3, 5];11.7222608696;15.4988294314
[10, 0, 0];0.161;0.0
[10, 0, 1];3.216;0.0
[10, 0, 3];0.161;0.0
[10, 0, 4];3.216;0.0
[10, 0, 5];11.7233411371;28.1718695652
[10, 0, 6];0.161;0.0
[10, 0, 7];11.7224046823;16.8573779264
[10, 0, 8];0.788;0.0
[10, 1, 1];3.701;0.0
[10, 1, 2];3.216;0.0
[10, 2, 0];3.216;0.0
[10, 2, 1];0.962;0.0
[10, 2, 2];68.4555866667;55.2370166667
[10, 2, 3];173.885468227;325.640595318
[10, 3, 0];0.982;0.0
[10, 3, 3];3.216;0.0
[10, 4, 0];0.982;0.0
[10, 4, 1];0.788;0.0
[10, 4, 3];0.982;0.0
[10, 4, 4];173.877785953;233.008538462
[10, 4, 5];3.216;0.0
[10, 4, 6];2.25;0.0
[10, 4, 7];35.0860401338;3.1527090301
[11, 0, 0];2.25;0.0
[11, 0, 2];11.7220501672;12.6174715719
[11, 0, 3];3.216;0.0
[11, 0, 4];3.216;0.0
[11, 0, 5];11.7225852843;19.0931906355
[11, 0, 6];3.216;0.0
[11, 0, 7];68.45322;27.35882
[11, 0, 8];0.788;0.0
[11, 0, 9];2.25;0.0
[11, 0, 10];3.216;0.0
[11, 0, 11];3.216;0.0
[11, 0, 13];3.216;0.0
[11, 1, 0];0.355;0.0373153153153
[11, 1, 1];2.25;0.0
[11, 1, 2];3.216;0.0
[11, 1, 3];11.7222541806;15.4476789298
[11, 1, 4];0.982;0.0
[11, 2, 0];2.25;0.0
[11, 2, 1];35.0865986622;7.62052173913
[11, 2, 2];0.982;0.0
[11, 2, 4];11.7225150502;18.2243277592
[11, 2, 5];0.982;0.0
[11, 2, 6];68.45506;49.25281
[11, 2, 7];173.872588629;170.01722408
[11, 2, 8];3.216;0.0
[11, 2, 9];173.873752508;184.562672241
[11, 3, 0];35.0860802676;3.25453846154
[11, 4, 0];35.0874715719;17.8797157191
[11, 4, 1];2.25;0.0
[11, 5, 0];11.7221538462;14.2025919732
[11, 5, 1];35.0865986622;7.54925083612
[11, 5, 2];0.962;0.0
[11, 5, 3];0.355;0.0686666666667
[11, 5, 4];0.788;0.0
[12, 0, 0];11.7218428094;10.3605551839
[12, 0, 1];11.7232541806;27.363361204
[12, 0, 2];173.876615385;218.857976589
[12, 0, 3];3.701;0.0
[12, 1, 0];3.216;0.0
[12, 1, 1];0.355;0.0638018018018
[12, 1, 2];3.216;0.0
[12, 1, 3];0.161;0.0
[12, 2, 0];0.355;0.022036036036
[12, 2, 1];3.216;0.0
[12, 2, 2];35.0864113712;5.15810033445
[12, 2, 3];0.161;0.0
[12, 2, 4];68.4550533333;49.04515
[12, 2, 5];3.216;0.0
[12, 2, 6];35.0861571906;3.56720735786
[12, 2, 7];0.962;0.0
[12, 2, 9];3.701;0.0
[12, 2, 10];0.355;0.0896756756757
[12, 2, 11];35.0865652174;6.93636789298
[12, 2, 12];0.982;0.0
[12, 2, 13];3.216;0.0
[12, 3, 0];35.0869799331;11.8832541806
[12, 3, 1];35.0862341137;3.92751170569
[12, 3, 4];11.7225986622;19.2655585284
[12, 3, 5];3.701;0.0
[12, 3, 6];0.788;0.0
[13, 0, 0];0.788;0.0
[13, 0, 1];68.4551533333;50.3039266667
[13, 1, 0];3.216;0.0
[13, 1, 2];173.877421405;228.262076923
[13, 1, 3];3.701;0.0
[13, 1, 4];0.982;0.0
[13, 1, 5];0.788;0.0
[13, 1, 7];173.903511706;544.340324415
[13, 1, 8];0.788;0.0
[13, 1, 9];0.355;0.0352792792793
[13, 1, 10];2.25;0.0
[13, 1, 11];0.161;0.0
[13, 1, 12];0.982;0.0
[13, 1, 13];0.161;0.0
[14, 0, 0];2.25;0.0
[14, 0, 1];3.701;0.0
[14, 1, 0];3.701;0.0
[14, 1, 1];2.25;0.0
[14, 1, 2];3.216;0.0
[14, 2, 0];0.982;0.0
[14, 2, 1];35.0861371237;3.47986622074
[14, 2, 2];0.962;0.0
[14, 2, 3];0.161;0.0
[14, 2, 4];0.788;0.0
[14, 3, 0];35.0865117057;6.22761204013
[14, 3, 2];3.701;0.0
[14, 3, 3];2.25;0.0
[14, 3, 4];68.45625;63.6594666667
[14, 3, 5];173.884638796;315.198816054
[14, 4, 0];3.216;0.0
[14, 4, 1];173.869394649;131.150020067
[14, 5, 0];3.216;0.0
[14, 5, 1];68.4528666667;22.6306033333
[14, 5, 2];2.25;0.0
[14, 5, 3];0.161;0.0
[14, 5, 4];2.25;0.0
[14, 5, 5];173.875093645;200.481474916
[14, 6, 0];0.962;0.0
[14, 6, 1];3.216;0.0
[14, 6, 2];3.216;0.0
[14, 6, 3];68.4547866667;45.9149733333
[14, 6, 4];3.216;0.0
[14, 6, 5];0.788;0.0
[14, 6, 6];3.216;0.0
[14, 6, 7];0.355;0.0546486486486
[14, 6, 8];0.982;0.0
[14, 6, 9];11.7228795987;22.5427692308
[14, 6, 10];35.0867190635;9.42687625418
[14, 6, 11];0.982;0.0
[14, 6, 12];68.4544;41.0514266667
[14, 7, 1];0.982;0.0
[14, 7, 2];0.788;0.0
[14, 7, 3];11.7236421405;31.7758963211
[14, 7, 4];3.216;0.0
[14, 8, 0];3.216;0.0
[14, 8, 1];173.868695652;123.88841806
[14, 8, 2];0.161;0.0
[14, 8, 3];68.45703;72.7711466667
[14, 9, 0];68.4553733333;52.8467466667
[14, 9, 1];3.216;0.0
[14, 9, 2];3.216;0.0
[14, 9, 3];11.722819398;22.0085819398
[14, 9, 4];11.7231973244;26.6691772575
[14, 9, 5];3.701;0.0
[14, 9, 6];0.355;0.0245495495495
[14, 9, 8];35.0865685619;7.0850735786
[14, 9, 9];3.216;0.0
[14, 9, 10];2.25;0.0
[14, 9, 11];68.4535266667;30.5797966667
[14, 9, 12];11.7230668896;24.8956789298
[14, 9, 13];35.0862374582;3.93763879599
[14, 10, 0];3.216;0.0
[14, 10, 1];35.0865819398;7.30451839465
[14, 10, 2];3.701;0.0
[14, 10, 3];173.867277592;105.83216388
[14, 10, 4];0.788;0.0
[14, 10, 5];11.723451505;29.4632909699
[14, 10, 6];2.25;0.0
[14, 10, 7];3.701;0.0
[14, 10, 8];35.0864648829;5.69490635452
[14, 10, 9];0.161;0.0
[14, 11, 0];11.7217424749;9.54976254181
[14, 11, 1];0.982;0.0
[14, 11, 2];3.216;0.0
[14, 11, 3];0.962;0.0
[14, 12, 0];35.0863210702;4.46813043478
[14, 12, 1];3.216;0.0
[14, 12, 2];3.701;0.0
[14, 12, 3];3.216;0.0
[14, 12, 4];173.884331104;312.183454849
[14, 12, 5];35.0864916388;6.01883946488
[14, 12, 6];0.982;0.0
[14, 12, 7];173.875160535;201.301043478
[14, 12, 8];3.701;0.0
[14, 12, 9];0.788;0.0
[14, 12, 10];11.7220367893;12.3694983278
[14, 12, 11];11.7218896321;10.7952006689
[14, 12, 12];0.982;0.0
[14, 12, 13];35.0865183946;6.30901672241
[14, 13, 0];0.788;0.0
[14, 13, 1];173.897598662;473.447588629
[14, 13, 2];2.25;0.0
[14, 13, 3];11.7224816054;17.7100133779
[14, 13, 4];3.216;0.0
[14, 14, 0];0.962;0.0
[14, 14, 1];0.982;0.0
[14, 14, 2];2.25;0.0
[14, 14, 3];68.4575833333;79.5067066667
[14, 14, 4];68.45718;74.5886133333
[14, 14, 5];3.216;0.0
[14, 14, 6];35.0870936455;13.4330200669
[14, 14, 7];0.962;0.0
[14, 14, 8];0.982;0.0
[14, 14, 9];0.161;0.0
[14, 14, 10];11.7215953177;7.43055518395
[14, 14, 11];0.161;0.0
[14, 15, 0];0.355;0.0869099099099
[14, 15, 1];173.873210702;177.956923077
[14, 15, 2];3.216;0.0
[14, 15, 3];0.982;0.0
[14, 15, 5];68.45371;33.07189
[14, 15, 6];68.4531966667;26.7456133333
[14, 15, 7];35.0865719064;7.11309698997
[14, 15, 8];2.25;0.0
[14, 15, 9];11.7220501672;12.5893511706
[14, 16, 0];2.25;0.0
[14, 16, 1];0.161;0.0
[14, 16, 2];2.25;0.0
[14, 16, 3];11.7221371237;13.8515953177
[14, 17, 0];0.161;0.0
[14, 17, 1];0.982;0.0
[15, 0, 0];173.882073579;285.226959866
[15, 0, 2];0.161;0.0
[15, 0, 4];3.216;0.0
[15, 0, 5];0.982;0.0
[15, 0, 6];35.0861237458;3.4357993311
[15, 0, 7];68.4564233333;65.4468166667
[15, 0, 8];3.216;0.0
[15, 0, 9];0.788;0.0
[15, 0, 10];0.355;0.0725045045045
[15, 0, 11];0.161;0.0
[15, 0, 12];3.216;0.0
[15, 0, 13];3.701;0.0
[15, 1, 0];3.216;0.0
[15, 1, 3];0.355;0.0223963963964
[15, 2, 1];2.25;0.0
[15, 2, 2];2.25;0.0
[15, 2, 3];2.25;0.0
[15, 2, 4];3.701;0.0
[15, 2, 6];3.701;0.0
[15, 2, 7];2.25;0.0
[15, 2, 8];3.216;0.0
[15, 2, 9];35.086361204;4.75439464883
[15, 2, 10];0.982;0.0
[15, 2, 11];173.868210702;117.843351171
[15, 2, 12];0.962;0.0
[15, 2, 13];3.216;0.0
[15, 3, 0];0.355;0.0195135135135
[15, 3, 1];2.25;0.0
[15, 3, 2];0.161;0.0
[15, 3, 3];68.45518;50.5636733333
[15, 3, 4];3.216;0.0
[15, 3, 5];0.355;0.0324684684685
[15, 3, 6];0.788;0.0
[16, 0, 0];35.0863377926;4.5907090301
[16, 0, 1];35.0869130435;11.1450367893
[16, 0, 3];35.0862842809;4.19404682274
[16, 0, 4];0.962;0.0
[16, 0, 6];3.216;0.0
[16, 0, 7];68.4540633333;37.0293466667
[16, 0, 9];0.355;0.0212522522523
[16, 0, 10];35.0861070234;3.37824749164
[16, 0, 11];3.701;0.0
[16, 0, 12];0.788;0.0
[16, 0, 13];68.4565533333;67.0375566667
[16, 1, 0];0.788;0.0
[16, 1, 1];0.161;0.0
[16, 1, 3];0.788;0.0
[16, 1, 4];3.216;0.0
[16, 1, 5];0.962;0.0
[16, 1, 6];0.962;0.0
[16, 1, 7];35.0863311037;4.53330769231
[16, 1, 8];2.25;0.0
[16, 1, 9];3.701;0.0
[16, 2, 0];0.788;0.0
[16, 2, 1];3.216;0.0
[16, 2, 2];3.216;0.0
[16, 2, 3];3.216;0.0
[16, 3, 0];68.45435;40.56032
[16, 3, 1];0.982;0.0
[16, 3, 2];35.0862173913;3.84075585284
[16, 3, 3];0.962;0.0
[16, 4, 0];0.788;0.0
[16, 4, 1];173.892882943;415.377040134
[16, 4, 2];0.355;0.0807297297297
[16, 4, 3];173.869043478;127.975257525
[16, 4, 4];0.161;0.0
[16, 4, 5];3.216;0.0
[16, 4, 6];3.216;0.0
[16, 5, 0];0.355;0.0374954954955
[16, 5, 1];11.7244046823;40.853819398
[16, 5, 2];2.25;0.0
[16, 5, 3];3.216;0.0
[16, 5, 4];3.701;0.0
[16, 5, 6];3.701;0.0
[16, 6, 0];3.216;0.0
[16, 6, 1];0.355;0.0297207207207
[16, 6, 2];3.701;0.0
[16, 6, 3];68.4531166667;25.46067
[16, 6, 4];173.875173913;200.50293311
[16, 6, 5];0.982;0.0
[16, 7, 0];3.701;0.0
[16, 7, 1];3.216;0.0
[16, 7, 2];68.45267;20.4720066667
[16, 7, 3];11.7227725753;21.5220334448
[16, 8, 0];0.161;0.0
[16, 8, 1];35.0860668896;3.21761204013
[16, 8, 2];3.216;0.0
[16, 8, 3];2.25;0.0
[16, 8, 4];2.25;0.0
[16, 8, 5];173.885909699;330.934792642
[16, 8, 6];0.161;0.0
[16, 8, 7];0.355;0.0487477477477
[16, 8, 8];3.701;0.0
[16, 8, 9];3.216;0.0
[16, 8, 11];0.355;0.0233333333333
[16, 8, 12];3.216;0.0
[16, 8, 13];3.216;0.0
[16, 9, 0];0.982;0.0
[16, 9, 1];173.869742475;135.411428094
[16, 9, 2];11.721993311;11.8957123746
[16, 9, 3];0.355;0.0524234234234
[16, 9, 4];3.216;0.0
[16, 9, 5];0.788;0.0
[16, 10, 0];3.701;0.0
[16, 10, 1];0.962;0.0
[16, 10, 2];11.723277592;27.5127892977
[16, 10, 3];173.886789298;340.891287625
[16, 10, 4];35.0865719064;7.08804347826
[16, 10, 5];0.962;0.0
[16, 10, 6];3.216;0.0
[16, 10, 7];2.25;0.0
[16, 10, 8];68.4559666667;60.0859733333
[16, 10, 9];68.4562933333;63.87106
[17, 0, 0];0.788;0.0
[17, 0, 1];0.788;0.0
[17, 0, 2];35.0861438127;3.50539464883
[17, 0, 3];0.982;0.0
[17, 0, 4];3.216;0.0
[17, 1, 0];68.45429;39.93353
[17, 1, 1];2.25;0.0
[17, 1, 3];11.7220167224;12.1639397993
[17, 1, 4];173.87783612;233.788384615
[17, 1, 6];3.701;0.0
[17, 1, 7];3.216;0.0
[17, 1, 8];0.355;0.0210540540541
[17, 2, 0];0.355;0.0221981981982
[17, 2, 1];0.355;0.0483153153153
[17, 2, 2];35.0869063545;11.0696354515
[17, 3, 0];173.877909699;235.21712709
[17, 3, 1];0.355;0.0500810810811
[18, 0, 0];173.899394649;494.309441472
[18, 0, 1];3.216;0.0
[18, 0, 2];2.25;0.0
[18, 0, 3];0.982;0.0
[18, 0, 4];11.7216588629;8.78171906355
[18, 1, 0];0.788;0.0
[18, 1, 2];3.216;0.0
[18, 1, 3];68.4562066667;62.97789
[18, 1, 4];2.25;0.0
[18, 2, 0];68.45423;39.14011
[18, 2, 1];0.788;0.0
[18, 2, 2];3.216;0.0
[18, 2, 3];2.25;0.0
[18, 2, 4];0.355;0.0395495495495
[18, 2, 5];11.7215852843;7.15738461538
[18, 3, 0];0.962;0.0
[18, 3, 1];0.962;0.0
[18, 3, 2];3.701;0.0
[18, 3, 3];3.701;0.0
[18, 3, 5];68.4534133333;29.40723
[18, 3, 6];0.355;0.0929279279279
[18, 3, 7];0.962;0.0
[18, 3, 8];11.7219331104;11.2008327759
[18, 3, 9];0.788;0.0
[18, 4, 0];2.25;0.0
[18, 4, 1];0.982;0.0
[18, 4, 2];68.4549066667;47.33896
[18, 4, 3];11.7232040134;26.6261237458
[18, 4, 4];0.962;0.0
[18, 4, 5];0.982;0.0
[18, 4, 6];0.982;0.0
[18, 4, 7];3.216;0.0
[18, 4, 8];173.8900301;380.814511706
[19, 0, 0];3.216;0.0
[19, 0, 1];0.355;0.0295225225225
[19, 0, 2];0.161;0.0
[19, 0, 3];3.216;0.0
[19, 0, 4];3.216;0.0
[19, 0, 5];3.701;0.0
[19, 0, 6];0.788;0.0
[20, 0, 0];0.161;0.0
[20, 0, 1];0.788;0.0
[20, 0, 2];2.25;0.0
[20, 0, 3];173.895976589;453.129886288
[20, 0, 4];0.788;0.0
[20, 0, 5];0.982;0.0
[20, 0, 6];35.0865518395;6.83234113712
[20, 0, 7];173.867347826;107.009317726
[20, 1, 0];0.161;0.0
[20, 1, 1];0.788;0.0
[20, 1, 2];11.7215652174;6.95296989967
[20, 1, 3];68.45294;23.21682
[20, 1, 4];0.962;0.0
[20, 1, 5];0.788;0.0
[20, 2, 0];3.216;0.0
[20, 2, 1];0.962;0.0
[20, 2, 2];3.216;0.0
[20, 2, 3];173.880190635;262.33183612
[20, 2, 4];0.788;0.0
[20, 2, 5];0.788;0.0
[20, 2, 6];3.216;0.0
[20, 3, 0];0.355;0.0553243243243
[20, 3, 1];3.216;0.0
[20, 4, 0];173.882779264;293.960080268
[20, 4, 1];0.962;0.0
[20, 4, 3];173.878772575;244.895943144
[20, 4, 4];173.887381271;349.518016722
[20, 4, 5];0.161;0.0
[20, 4, 6];35.0869364548;11.3755652174
[20, 4, 7];173.876521739;217.911364548
[20, 4, 8];0.788;0.0
[20, 4, 9];173.884705686;316.942421405
[20, 4, 10];68.4531233333;25.66239
[20, 5, 0];3.216;0.0
[20, 5, 1];173.868053512;115.411006689
[20, 5, 2];0.788;0.0
[20, 5, 3];3.701;0.0
[20, 5, 4];2.25;0.0
[20, 5, 5];2.25;0.0
[20, 5, 6];68.4630766667;146.174146667
[20, 5, 7];0.788;0.0
[20, 6, 0];0.355;0.0755855855856
[20, 6, 1];68.4566233333;68.0036333333
[20, 6, 2];35.08690301;10.9772006689
[20, 6, 3];3.216;0.0
[20, 6, 4];68.4574933333;78.30024
[20, 6, 5];0.161;0.0
[20, 6, 6];68.4538533333;34.42866
[20, 6, 7];0.982;0.0
[20, 6, 8];0.962;0.0
[20, 7, 0];0.788;0.0
[20, 7, 1];0.962;0.0
[20, 7, 2];3.701;0.0
[20, 7, 3];68.4536233333;31.71877
[20, 7, 4];0.962;0.0
[20, 7, 5];3.216;0.0
[20, 7, 6];0.161;0.0
[20, 7, 7];3.216;0.0
[20, 7, 8];0.788;0.0
[21, 0, 0];0.355;0.0197567567568
[21, 0, 1];68.4526033333;19.29332
[21, 0, 2];68.4534566667;29.7749366667
[21, 0, 3];0.355;0.0409279279279
[21, 1, 0];3.216;0.0
[21, 1, 1];3.701;0.0
[21, 2, 0];0.982;0.0
[21, 2, 1];0.982;0.0
[21, 2, 3];173.87441806;192.204976589
[21, 2, 4];3.216;0.0
[21, 3, 1];0.962;0.0
[21, 3, 2];0.161;0.0
[21, 3, 3];11.7226889632;20.5455050167
[21, 3, 4];3.216;0.0
[21, 3, 5];0.982;0.0
[21, 3, 6];0.982;0.0
[21, 3, 7];68.45368;32.5899233333
[21, 3, 9];3.216;0.0
[21, 3, 10];35.086173913;3.63544816054
[21, 3, 11];11.7224448161;17.3926187291
[21, 3, 12];2.25;0.0
[21, 3, 13];2.25;0.0
[21, 4, 0];2.25;0.0
[21, 4, 1];68.4555866667;55.4729933333
[21, 4, 2];0.161;0.0
[21, 4, 3];2.25;0.0
[21, 4, 4];0.788;0.0
[21, 4, 5];2.25;0.0
[21, 4, 6];35.0866020067;7.65717056856
[21, 4, 8];0.355;0.0257567567568
[21, 4, 9];68.45402;36.4667633333
[21, 4, 10];0.161;0.0
[21, 4, 11];0.161;0.0
[21, 4, 13];0.962;0.0
[21, 5, 0];3.216;0.0
[21, 5, 1];2.25;0.0
[21, 5, 2];0.788;0.0
[21, 5, 3];0.161;0.0
[21, 6, 2];0.161;0.0
[21, 6, 3];11.7224280936;17.1923311037
[21, 6, 4];0.788;0.0
[21, 6, 5];68.45386;34.671
[21, 6, 6];0.982;0.0
[21, 6, 7];3.216;0.0
[21, 6, 8];11.7239632107;35.5981571906
[21, 6, 9];11.721819398;10.1729732441
[21, 6, 10];0.982;0.0
[21, 6, 11];35.0867658863;9.76534448161
[21, 6, 12];68.4568566667;70.8115933333
[21, 6, 13];68.4565533333;66.9858033333
[21, 7, 0];0.962;0.0
[21, 7, 2];0.962;0.0
[21, 7, 3];2.25;0.0
[21, 7, 4];0.161;0.0
[21, 8, 0];68.4560633333;61.0861966667
[21, 8, 1];0.982;0.0
[21, 8, 2];0.982;0.0
[21, 8, 3];0.962;0.0
[21, 8, 5];0.161;0.0
[21, 8, 6];0.788;0.0
[21, 8, 7];0.982;0.0
[21, 8, 8];0.982;0.0
[21, 8, 9];0.788;0.0
[21, 8, 10];0.788;0.0
[21, 8, 11];0.788;0.0
[21, 9, 0];11.7220769231;13.0325050167
[21, 9, 1];3.216;0.0
[21, 9, 2];3.701;0.0
[21, 9, 3];3.216;0.0
[21, 9, 4];68.4551666667;50.3418866667
[21, 9, 5];0.355;0.0384234234234
[21, 9, 6];0.982;0.0
[21, 9, 7];0.788;0.0
[21, 9, 8];11.7215551839;6.77429431438
[21, 9, 9];0.962;0.0
[21, 9, 10];3.216;0.0
[21, 9, 11];2.25;0.0
[21, 9, 12];3.216;0.0
[21, 9, 13];2.25;0.0
[21, 10, 0];0.161;0.0
[21, 10, 1];3.216;0.0
[21, 10, 2];0.962;0.0
[21, 10, 3];3.216;0.0
[21, 10, 4];68.4536133333;31.4260433333
[21, 10, 5];3.701;0.0
[21, 10, 6];35.0866421405;8.46353846154
[21, 10, 7];0.161;0.0
[21, 10, 8];11.7234046823;28.8902909699
[21, 10, 9];11.7225083612;18.1705016722
[21, 10, 10];11.7215685619;6.93361204013
[21, 10, 11];3.216;0.0
[21, 10, 12];3.216;0.0
[21, 10, 13];35.0867892977;9.96410033445
[21, 11, 0];2.25;0.0
[21, 11, 1];2.25;0.0
[21, 11, 2];2.25;0.0
[21, 11, 3];3.216;0.0
[21, 11, 4];173.88693311;343.977020067
[21, 11, 5];3.701;0.0
[21, 11, 6];0.355;0.0345675675676
[21, 11, 7];0.788;0.0
[21, 11, 8];173.878190635;239.138351171
[21, 12, 0];0.982;0.0
[21, 12, 2];0.355;0.0188828828829
[21, 12, 4];0.355;0.028
[21, 12, 5];0.982;0.0
[21, 12, 6];11.7216421405;8.29214381271
[21, 12, 7];0.355;0.0821801801802
[21, 13, 0];0.962;0.0
[21, 13, 1];0.962;0.0
[21, 13, 2];0.982;0.0
[21, 13, 3];0.962;0.0
[21, 13, 4];0.355;0.0776126126126
[21, 13, 5];3.701;0.0
[21, 13, 6];2.25;0.0
[21, 13, 7];0.962;0.0
[21, 13, 8];0.161;0.0
[21, 13, 9];3.216;0.0
[21, 13, 10];11.7225351171;18.4207090301
[21, 13, 11];2.25;0.0
[21, 13, 12];3.701;0.0
[22, 0, 0];0.788;0.0
[22, 0, 1];0.962;0.0
[22, 0, 2];68.45407;37.15264
[22, 0, 3];3.701;0.0
[22, 0, 4];0.962;0.0
[22, 0, 5];11.7221170569;13.5405016722
[22, 0, 6];0.788;0.0
[22, 1, 0];3.701;0.0
[22, 1, 1];0.355;0.0486216216216
[22, 1, 2];3.701;0.0
[22, 2, 0];0.982;0.0
[22, 2, 1];0.355;0.029036036036
[22, 2, 4];11.7217257525;9.43706020067
[22, 2, 5];0.788;0.0
[22, 2, 6];11.7226856187;20.5768227425
[22, 2, 8];0.788;0.0
[22, 2, 9];3.701;0.0
[22, 2, 10];35.086;2.80964548495
[22, 2, 11];0.788;0.0
[22, 2, 12];0.355;0.025963963964
[22, 2, 13];68.4557133333;56.9649266667
[22, 3, 0];68.4525533333;18.9379666667
[22, 3, 1];2.25;0.0
[22, 3, 2];0.161;0.0
[22, 3, 3];68.45277;21.6432233333
[22, 3, 5];0.962;0.0
[22, 3, 6];3.701;0.0
[22, 3, 7];2.25;0.0
[23, 0, 0];0.355;0.106774774775
[23, 0, 1];0.788;0.0
[23, 0, 2];3.701;0.0
[23, 0, 3];0.355;0.0476936936937
[23, 1, 0];0.788;0.0
[23, 1, 1];11.7220401338;12.5038461538
[23, 1, 2];35.0864347826;5.39282274247
[23, 1, 3];3.216;0.0
[23, 1, 4];0.161;0.0
[23, 1, 5];2.25;0.0
[23, 1, 6];35.0865719064;7.11065217391
[23, 2, 0];35.0862441472;4.0011270903
[23, 2, 2];173.87680602;221.079337793
[23, 2, 3];173.88270903;293.03035786
[23, 3, 0];3.216;0.0
[23, 3, 1];0.788;0.0
[23, 3, 2];35.0865250836;6.36734448161
[23, 3, 3];0.962;0.0
[23, 3, 4];35.0865685619;7.0790735786
[23, 3, 5];3.216;0.0
[23, 3, 6];0.788;0.0
[24, 0, 1];2.25;0.0
[24, 0, 2];0.982;0.0
[24, 0, 3];3.216;0.0
[24, 0, 4];11.7215451505;6.58461204013
[24, 0, 5];3.216;0.0
[24, 0, 6];0.982;0.0
[24, 0, 7];0.355;0.0789459459459
[24, 0, 8];68.4531366667;25.8348666667
[24, 0, 9];11.7220367893;12.4735183946
[24, 0, 10];35.0864214047;5.21260869565
[24, 0, 11];68.4563866667;65.1441966667
[24, 0, 12];0.962;0.0
[24, 0, 13];35.0867090301;9.37490301003
[24, 1, 0];35.0865518395;6.81484615385
[24, 1, 1];3.216;0.0
[24, 1, 2];35.0865986622;7.69694314381
[24, 1, 3];2.25;0.0
[24, 2, 0];0.788;0.0
[24, 2, 1];0.962;0.0
[24, 2, 2];0.962;0.0
[24, 3, 0];35.0864648829;5.65471906355
[24, 3, 1];3.216;0.0
[24, 3, 3];11.7220702341;12.8688528428
[24, 3, 4];2.25;0.0
[24, 3, 5];68.4547766667;45.6124766667
[24, 3, 7];3.216;0.0
[24, 3, 8];2.25;0.0
[24, 3, 10];173.872832776;172.541454849
[24, 3, 11];173.875036789;200.276735786
[24, 4, 0];3.701;0.0
[24, 4, 1];68.4534433333;29.57091
[24, 4, 2];173.877036789;223.769381271
[24, 4, 3];0.788;0.0
[24, 5, 0];0.962;0.0
[24, 5, 1];35.0866053512;7.77194983278
[24, 5, 2];0.161;0.0
[24, 6, 0];0.161;0.0
[24, 6, 1];68.45423;39.0179366667
[24, 6, 2];68.45395;35.5765133333
[24, 6, 3];35.0869531773;11.5793411371
[24, 6, 4];0.788;0.0
[24, 7, 0];3.216;0.0
[24, 7, 1];68.4549333333;47.4602266667
[24, 7, 2];173.873518395;181.122735786
[24, 7, 4];3.216;0.0
[24, 7, 5];3.216;0.0
[25, 0, 0];0.962;0.0
[25, 0, 1];3.701;0.0
[25, 0, 2];3.701;0.0
[25, 0, 3];3.216;0.0
[25, 0, 4];3.216;0.0
[25, 0, 5];173.893130435;418.387608696
[25, 0, 6];0.962;0.0
[25, 0, 7];68.4545566667;42.89269
[25, 0, 8];35.086;2.79351505017
[25, 1, 0];3.216;0.0
[25, 1, 1];0.355;0.0593243243243
[25, 1, 2];2.25;0.0
[25, 1, 3];3.216;0.0
[25, 1, 4];0.788;0.0
[25, 1, 5];2.25;0.0
[25, 1, 6];35.0863010033;4.32317391304
[25, 1, 8];0.982;0.0
[25, 1, 9];0.962;0.0
[25, 1, 10];3.216;0.0
[25, 1, 11];3.216;0.0
[25, 1, 12];0.982;0.0
[25, 2, 0];0.962;0.0
[25, 2, 2];3.216;0.0
[25, 2, 3];3.216;0.0
[25, 2, 4];0.355;0.0285855855856
[25, 3, 0];35.0866053512;7.79791973244
[25, 3, 1];0.982;0.0
[25, 3, 2];0.962;0.0
[25, 3, 3];3.216;0.0
[25, 3, 4];0.161;0.0
[25, 3, 5];3.216;0.0
[25, 4, 0];173.88490301;319.54390301
[25, 4, 1];0.962;0.0
[25, 4, 2];0.962;0.0
[25, 4, 3];0.161;0.0
[25, 4, 4];173.879183946;249.543568562
[25, 4, 5];68.4544333333;41.5083733333
[25, 4, 6];0.962;0.0
[25, 4, 7];35.08709699;13.4629632107
[25, 4, 8];3.216;0.0
[25, 4, 9];2.25;0.0
[25, 4, 10];0.962;0.0
[25, 5, 0];11.7216421405;8.3423812709
[25, 5, 1];3.216;0.0
[26, 0, 0];0.161;0.0
[26, 0, 1];3.216;0.0
[26, 0, 3];3.216;0.0
[26, 0, 4];35.0864682274;5.72783946488
[26, 1, 0];0.355;0.0204774774775
[26, 1, 2];0.962;0.0
[26, 1, 3];173.877755853;233.20935786
[26, 2, 1];0.161;0.0
[26, 2, 3];2.25;0.0
[26, 2, 4];35.0865685619;7.10072909699
[26, 2, 5];3.216;0.0
[26, 2, 6];11.7215117057;6.06543143813
[26, 3, 0];3.216;0.0
[26, 3, 1];173.871618729;158.929354515
[26, 3, 2];0.788;0.0
[26, 3, 3];11.721993311;11.8925618729
[26, 3, 4];0.355;0.0192702702703
[26, 3, 5];35.0867090301;9.363
[26, 3, 6];173.881909699;281.883508361
[26, 3, 7];0.982;0.0
[26, 3, 8];0.355;0.0638288288288
[26, 3, 9];0.355;0.0335135135135
[26, 3, 10];2.25;0.0
[26, 4, 0];0.788;0.0
[26, 4, 1];0.962;0.0
[26, 4, 2];0.161;0.0
[26, 4, 3];0.355;0.0192792792793
[26, 4, 4];0.161;0.0
[26, 4, 5];0.788;0.0
[26, 4, 6];3.216;0.0
[26, 4, 7];11.7223043478;15.8651304348
[26, 4, 8];0.788;0.0
[26, 4, 9];173.867458194;108.259605351
[26, 4, 10];3.701;0.0
[26, 4, 11];68.4538133333;34.2852066667
[26, 4, 12];68.4605566667;115.62449
[26, 4, 13];0.962;0.0
[26, 5, 0];3.216;0.0
[26, 5, 1];0.161;0.0
[26, 5, 2];0.982;0.0
[26, 5, 3];3.216;0.0
[26, 5, 4];3.701;0.0
[26, 5, 5];0.355;0.0258648648649
[26, 5, 6];0.788;0.0
[26, 5, 7];68.4540966667;37.5747466667
[26, 5, 8];2.25;0.0
[27, 0, 0];35.0869264214;11.2722943144
[27, 0, 1];0.161;0.0
[27, 0, 2];3.216;0.0
[27, 1, 0];2.25;0.0
[27, 1, 1];11.7227658863;21.4627424749
[27, 1, 2];0.161;0.0
[27, 1, 3];0.962;0.0
[27, 1, 4];68.4553233333;52.3423566667
[27, 1, 5];0.161;0.0
[27, 1, 6];0.962;0.0
[27, 1, 7];0.982;0.0
[27, 2, 0];0.788;0.0
[27, 2, 1];0.962;0.0
[27, 2, 2];0.161;0.0
[27, 3, 0];11.7220401338;12.5184849498
[27, 3, 1];35.0860434783;3.15109698997
[27, 3, 2];3.216;0.0
[27, 4, 0];3.216;0.0
[27, 4, 1];0.788;0.0
[27, 4, 2];0.161;0.0
[27, 4, 3];0.788;0.0
[27, 4, 4];2.25;0.0
[27, 5, 0];0.788;0.0
[27, 5, 1];0.788;0.0
[27, 5, 2];2.25;0.0
[27, 5, 3];0.161;0.0
[27, 5, 4];3.216;0.0
[27, 5, 5];173.89712709;467.183943144
[27, 5, 6];3.216;0.0
[27, 5, 7];0.788;0.0
[27, 5, 8];0.355;0.0431801801802
[27, 5, 9];3.701;0.0
[27, 6, 0];0.355;0.0386216216216
[27, 6, 1];3.701;0.0
[27, 6, 2];3.216;0.0
[27, 6, 3];0.355;0.0739099099099
[27, 6, 4];0.161;0.0
[27, 6, 5];0.355;0.0452882882883
[27, 6, 6];3.216;0.0
[27, 7, 0];0.788;0.0
[27, 7, 1];68.4539033333;35.1774
[27, 7, 2];3.216;0.0
[27, 7, 3];0.788;0.0
[27, 7, 4];11.7223244147;16.1423244147
[27, 7, 5];3.216;0.0
[27, 7, 6];35.0868829431;10.8085819398
[27, 8, 0];0.161;0.0
[27, 8, 1];0.355;0.0256486486486
[27, 8, 2];2.25;0.0
[27, 8, 3];3.216;0.0
[27, 9, 0];173.874010033;187.577615385
[27, 9, 1];3.216;0.0
[27, 9, 2];3.216;0.0
[27, 9, 3];35.0871672241;14.6710668896
[27, 9, 4];35.0864314381;5.33782608696
[27, 9, 5];35.0863511706;4.68365886288
[27, 9, 6];3.701;0.0
[28, 0, 0];11.7224983278;17.991451505
[28, 0, 1];35.0861404682;3.50391304348
[28, 0, 2];3.701;0.0
[28, 0, 3];0.355;0.0554324324324
[28, 0, 4];2.25;0.0
[28, 0, 5];3.701;0.0
[28, 0, 6];173.876869565;221.799956522
[28, 0, 7];2.25;0.0
[28, 0, 8];3.216;0.0
[28, 0, 9];0.355;0.0875405405405
[28, 0, 10];3.216;0.0
[28, 1, 0];0.788;0.0
[28, 1, 1];3.216;0.0
[28, 1, 2];3.701;0.0
[28, 1, 4];0.161;0.0
[28, 1, 5];3.216;0.0
[28, 1, 6];0.788;0.0
[28, 1, 7];3.216;0.0
[28, 2, 0];0.982;0.0
[28, 2, 1];11.7220936455;13.2069197324
[28, 2, 2];3.216;0.0
[28, 2, 3];3.701;0.0
[28, 2, 4];11.7215016722;6.08103010033
[28, 2, 5];2.25;0.0
[28, 2, 6];173.890147157;382.060491639
[28, 3, 0];0.982;0.0
[28, 3, 1];35.0866020067;7.65963879599
[28, 3, 2];0.982;0.0
[28, 3, 3];0.355;0.0366486486486
[28, 3, 4];0.788;0.0
[28, 3, 5];68.4526633333;20.2756466667
[28, 3, 6];11.7217658863;9.740909699
[28, 4, 0];3.216;0.0
[28, 4, 1];173.898605351;482.910274247
[28, 4, 2];0.962;0.0
[28, 4, 4];35.0860301003;3.12026086957
[28, 4, 5];68.4554766667;54.1880533333
[28, 4, 6];0.982;0.0
[28, 4, 8];3.216;0.0
[28, 4, 9];0.962;0.0
[28, 4, 10];68.45393;35.4451666667
[28, 4, 11];0.355;0.0329279279279
[28, 4, 12];173.896949833;464.975204013
[28, 4, 13];2.25;0.0
[28, 5, 0];0.161;0.0
[28, 5, 1];0.788;0.0
[28, 5, 2];11.7217859532;9.87450501672
[28, 5, 3];3.216;0.0
[28, 5, 4];11.7224214047;17.1098227425
[28, 6, 0];0.788;0.0
[28, 6, 1];0.161;0.0
[28, 6, 2];2.25;0.0
[28, 6, 3];11.7233444816;28.257632107
[28, 6, 4];11.7215919732;7.37063879599
[28, 6, 5];2.25;0.0
[28, 6, 6];35.0866521739;8.85360535117
[28, 6, 7];3.701;0.0
[28, 6, 8];0.982;0.0
[28, 6, 9];173.870026756;139.013461538
[28, 6, 10];0.962;0.0
[28, 7, 0];0.962;0.0
[28, 7, 1];3.216;0.0
[28, 7, 2];3.216;0.0
[28, 7, 3];3.216;0.0
[28, 7, 4];68.4547866667;45.8028266667
[28, 8, 1];2.25;0.0
[28, 8, 2];0.962;0.0
[28, 9, 0];2.25;0.0
[28, 9, 2];0.355;0.0381711711712
[28, 9, 3];0.982;0.0
[28, 9, 4];3.216;0.0
[28, 9, 5];0.355;0.0240900900901
[28, 9, 6];0.788;0.0
[28, 9, 7];0.982;0.0
[28, 9, 8];0.788;0.0
[28, 9, 9];173.878247492;238.095809365
[28, 9, 10];173.90141806;518.36738796
[28, 9, 11];0.161;0.0
[28, 9, 12];0.161;0.0
[28, 9, 13];0.788;0.0
[28, 10, 0];0.962;0.0
[28, 10, 1];173.877732441;233.056785953
[28, 10, 2];11.7216454849;8.36324749164
[28, 10, 3];0.788;0.0
[28, 10, 4];3.216;0.0
[28, 10, 5];0.962;0.0
[28, 10, 6];173.88183612;282.702602007
[28, 11, 0];3.216;0.0
[28, 11, 1];0.962;0.0
[28, 11, 3];3.216;0.0
[28, 11, 4];0.962;0.0
[28, 12, 0];11.7216454849;8.44824749164
[28, 12, 1];35.0867759197;9.91383277592
[28, 12, 2];68.4533166667;28.17367
[28, 12, 3];35.0861939799;3.75413712375
[28, 12, 4];0.355;0.0415315315315
[28, 12, 5];173.882862876;294.79022408
[28, 12, 6];3.701;0.0
[28, 13, 0];2.25;0.0
[28, 13, 2];0.788;0.0
[28, 13, 3];0.982;0.0
[28, 13, 4];68.4542933333;39.98254
[28, 13, 5];3.216;0.0
[28, 13, 6];3.216;0.0
[28, 14, 0];0.982;0.0
[28, 14, 1];3.216;0.0
[28, 14, 2];0.355;0.0282342342342
[28, 14, 3];173.873317726;179.606672241
[28, 14, 4];3.216;0.0
[28, 14, 5];35.0864782609;5.82889966555
[28, 14, 6];0.161;0.0
[28, 14, 7];0.962;0.0
[28, 15, 0];68.4531666667;26.0871533333
[28, 15, 1];35.086548495;6.76156856187
[28, 15, 2];173.874578595;193.975180602
[28, 15, 3];2.25;0.0
[28, 15, 4];11.7226153846;19.4869866221
[28, 15, 5];35.0864448161;5.51393645485
[28, 15, 6];0.962;0.0
[28, 15, 7];2.25;0.0
[28, 15, 8];0.355;0.0194234234234
[28, 15, 9];0.788;0.0
[28, 16, 0];11.7230568562;24.7049397993
[28, 16, 1];0.982;0.0
[28, 16, 2];0.982;0.0
[28, 16, 3];0.355;0.0184594594595
[28, 16, 4];3.216;0.0
[28, 16, 5];0.161;0.0
[28, 17, 0];68.4541366667;38.0605766667
[28, 17, 1];3.216;0.0
[28, 17, 2];3.701;0.0
[28, 17, 3];68.4546666667;44.4590966667
[29, 0, 0];0.355;0.0561081081081
[29, 0, 1];11.7215183946;6.23372240803
[29, 0, 2];0.982;0.0
[29, 0, 3];3.216;0.0
[29, 0, 4];3.216;0.0
[29, 0, 5];11.7216220736;7.99028428094
[29, 0, 6];0.982;0.0
[29, 0, 7];0.962;0.0
[29, 0, 8];2.25;0.0
[29, 0, 9];3.701;0.0
[29, 0, 10];0.355;0.0746576576577
[29, 0, 11];3.701;0.0
[29, 0, 12];3.216;0.0
[29, 0, 13];0.982;0.0
[29, 1, 0];173.878779264;245.89183612
[29, 1, 1];0.982;0.0
[29, 1, 2];173.870010033;139.059752508
[29, 2, 0];11.7222842809;15.7195919732
[29, 2, 1];2.25;0.0
[29, 2, 2];11.7223177258;16.0806722408
[30, 0, 0];68.4586766667;92.7612766667
[30, 0, 1];3.216;0.0
[30, 0, 2];3.216;0.0
[30, 0, 3];3.216;0.0
[30, 1, 1];3.216;0.0
[30, 1, 2];0.788;0.0
[30, 1, 3];0.788;0.0
[31, 0, 0];3.216;0.0
[31, 0, 1];0.788;0.0
[31, 0, 2];68.4545133333;42.5119066667
[31, 0, 3];3.216;0.0
[31, 0, 4];0.161;0.0
[31, 0, 5];0.962;0.0
[31, 0, 6];0.788;0.0
[32, 0, 0];11.7231438127;25.8660167224
[32, 0, 1];3.216;0.0
[32, 0, 2];0.982;0.0
[32, 0, 3];35.0873745819;16.7809665552
[32, 0, 4];0.161;0.0
[32, 0, 5];3.216;0.0
[32, 0, 6];173.892996656;417.223652174
[32, 0, 7];68.45455;42.99189
[32, 0, 8];0.355;0.0197207207207
[32, 0, 9];0.788;0.0
[32, 2, 0];0.788;0.0
[32, 2, 1];68.4526766667;20.3558733333
[32, 2, 2];173.905301003;565.574003344
[32, 2, 3];0.355;0.0310810810811
[32, 2, 4];0.788;0.0
[32, 2, 5];2.25;0.0
[32, 2, 6];0.788;0.0
[32, 3, 0];2.25;0.0
[32, 3, 2];173.867862876;112.806535117
[32, 4, 0];35.0869698997;11.7414548495
[32, 4, 1];0.788;0.0
[32, 4, 2];0.355;0.0307207207207
[32, 4, 4];0.788;0.0
[32, 4, 5];2.25;0.0
[32, 4, 6];0.982;0.0
[32, 4, 7];173.883886288;307.946742475
[32, 4, 8];3.701;0.0
[32, 4, 9];3.216;0.0
[32, 4, 10];0.982;0.0
[32, 4, 11];3.216;0.0
[32, 4, 12];3.216;0.0
[32, 4, 13];3.216;0.0
[32, 5, 0];3.216;0.0
[32, 5, 1];2.25;0.0
[32, 5, 2];0.962;0.0
[32, 5, 3];3.216;0.0
[32, 5, 4];3.701;0.0
[32, 5, 5];0.161;0.0
[32, 5, 6];0.982;0.0
[32, 5, 7];0.355;0.0626666666667
[32, 5, 8];3.216;0.0
[32, 5, 9];3.701;0.0
[32, 5, 10];0.355;0.0938738738739
[32, 5, 11];68.45411;37.6673566667
[32, 5, 12];0.788;0.0
[32, 5, 13];0.982;0.0
[32, 6, 0];3.701;0.0
[32, 6, 1];3.216;0.0
[32, 6, 2];3.701;0.0
[32, 6, 3];0.355;0.078981981982
[32, 6, 4];2.25;0.0
[32, 6, 6];11.7216655518;8.83607692308
[32, 6, 7];0.355;0.0275675675676
[32, 6, 8];3.216;0.0
[32, 6, 9];68.4582266667;87.4507433333
[32, 7, 0];173.901220736;516.183668896
[32, 7, 1];0.355;0.0672972972973
[32, 7, 2];3.216;0.0
[32, 7, 3];68.4560033333;60.3493866667
[32, 7, 4];11.7228026756;21.7856688963
[32, 7, 6];0.355;0.0491621621622
[32, 7, 7];3.216;0.0
[32, 7, 8];35.0865953177;7.48454180602
[32, 8, 1];173.908665552;605.653117057
[32, 9, 0];0.355;0.0638918918919
[32, 9, 1];0.355;0.0443873873874
[32, 9, 2];35.0865986622;7.67618729097
[32, 9, 5];3.701;0.0
[32, 10, 0];11.7234983278;29.9608327759
[32, 10, 1];0.161;0.0
[32, 11, 0];0.982;0.0
[32, 11, 1];0.982;0.0
[32, 11, 2];3.216;0.0
[32, 11, 3];0.788;0.0
[32, 11, 4];0.788;0.0
[32, 11, 5];0.355;0.0366216216216
[32, 11, 6];3.216;0.0
[32, 11, 7];0.962;0.0
[32, 12, 0];2.25;0.0
[32, 12, 1];0.962;0.0
[32, 12, 2];0.355;0.0444864864865
[32, 12, 3];11.7215217391;6.28081605351
[32, 12, 4];3.216;0.0
[32, 12, 5];3.216;0.0
[32, 12, 6];0.788;0.0
[32, 12, 7];3.216;0.0
[32, 12, 8];0.161;0.0
[32, 13, 0];0.788;0.0
[32, 13, 1];2.25;0.0
[32, 13, 2];0.161;0.0
[32, 13, 3];68.4575866667;79.50675
[32, 13, 4];3.216;0.0
[32, 13, 5];3.216;0.0
[32, 13, 7];68.4527066667;20.86466
[32, 13, 8];35.0865518395;6.82518394649
[32, 13, 9];0.962;0.0
[32, 13, 10];3.701;0.0
[32, 13, 11];0.982;0.0
[32, 13, 12];3.216;0.0
[33, 0, 0];68.4526066667;19.58232
[33, 0, 1];3.216;0.0
[33, 1, 0];3.216;0.0
[33, 1, 1];11.7222073579;15.075270903
[33, 1, 2];0.962;0.0
[33, 1, 3];68.4586833333;92.8859733333
[33, 1, 5];11.7219732441;11.7167959866
[33, 1, 6];173.876715719;220.374792642
[33, 1, 7];2.25;0.0
[33, 1, 8];68.45311;25.5482466667
[33, 1, 9];0.788;0.0
[33, 1, 10];173.901428094;518.239966555
[33, 1, 11];35.0863177258;4.45632441472
[33, 1, 12];68.4553733333;52.8661666667
[33, 1, 13];3.701;0.0
[33, 2, 0];2.25;0.0
[33, 2, 1];0.788;0.0
[33, 2, 2];3.216;0.0
[33, 2, 3];0.355;0.0740900900901
[33, 2, 4];0.788;0.0
[33, 2, 5];3.701;0.0
[33, 3, 0];35.087187291;15.028826087
[33, 3, 1];68.4536166667;31.6930266667
[33, 3, 3];11.7219832776;11.7945919732
[33, 3, 4];2.25;0.0
[33, 3, 5];173.874060201;186.823809365
[33, 4, 0];0.982;0.0
[33, 4, 1];0.962;0.0
[33, 4, 2];0.161;0.0
[33, 4, 3];11.7220535117;12.6612541806
[33, 4, 4];3.216;0.0
[33, 4, 5];0.355;0.0329369369369
[33, 4, 6];0.355;0.0470900900901
[33, 4, 7];3.216;0.0
[33, 4, 8];0.788;0.0
[33, 4, 9];0.962;0.0
[33, 4, 10];2.25;0.0
[33, 4, 12];0.962;0.0
[33, 5, 0];0.788;0.0
[33, 5, 1];35.0863444816;4.65940133779
[33, 5, 2];68.45423;39.2814733333
[33, 5, 3];0.962;0.0
[33, 5, 4];0.982;0.0
[33, 5, 7];0.788;0.0
[33, 6, 0];3.216;0.0
[33, 6, 1];0.982;0.0
[33, 7, 0];35.086541806;6.65759531773
[33, 7, 1];0.962;0.0
[33, 7, 2];0.982;0.0
[33, 7, 3];11.7216822742;9.1100367893
[33, 7, 4];0.962;0.0
[33, 7, 5];0.962;0.0
[33, 7, 6];3.216;0.0
[33, 8, 1];0.788;0.0
[33, 8, 2];0.962;0.0
[33, 8, 3];2.25;0.0
[33, 8, 4];3.216;0.0
[33, 8, 5];68.4537766667;33.7001666667
[33, 8, 6];3.701;0.0
[33, 8, 7];0.161;0.0
[33, 9, 0];11.7222909699;15.7515150502
[33, 9, 1];35.0862006689;3.79299331104
[33, 9, 2];68.45851;90.83018
[33, 9, 3];0.982;0.0
[33, 9, 4];0.962;0.0
[33, 9, 5];173.89166443;402.964083893
[33, 9, 6];0.962;0.0
[33, 9, 7];11.7219397993;11.3197558528
[33, 9, 8];3.216;0.0
[33, 9, 9];11.7229063545;22.8871973244
[33, 10, 0];3.216;0.0
[33, 10, 1];173.875167224;200.859963211
[33, 10, 2];3.701;0.0
[33, 10, 3];0.982;0.0
[33, 10, 4];0.788;0.0
[33, 10, 6];68.4524766667;17.8438
[33, 11, 0];173.873173913;178.140913043
[33, 11, 1];11.7217725753;9.74031103679
[33, 11, 2];3.216;0.0
[33, 11, 3];11.7226889632;20.5567157191
[33, 11, 4];2.25;0.0
[33, 11, 5];173.8949699;441.150511706
[33, 11, 6];3.216;0.0
[34, 0, 0];3.701;0.0
[34, 0, 1];0.962;0.0
[34, 0, 2];68.4536577181;32.459966443
[34, 0, 3];0.982;0.0
[34, 1, 0];3.216;0.0
[34, 1, 1];35.0862550336;4.06802013423
[34, 2, 0];0.982;0.0
[34, 2, 1];11.7233779264;28.6408829431
[34, 2, 2];68.4593825503;101.838238255
[34, 2, 3];11.7219230769;11.1358394649
[34, 2, 4];68.4528087248;22.2126073826
[34, 2, 5];0.355;0.0913873873874
[34, 3, 0];35.087352349;16.6341040268
[34, 3, 1];3.701;0.0
[34, 4, 0];0.962;0.0
[34, 4, 1];0.982;0.0
[34, 4, 2];0.355;0.0386756756757
[34, 5, 0];0.355;0.0448648648649
[34, 5, 2];3.216;0.0
[34, 5, 3];68.4538120805;34.3815067114
[34, 5, 4];0.161;0.0
[35, 0, 0];35.0867651007;9.84044966443
[35, 0, 1];11.7218528428;10.4228996656
[35, 0, 2];0.982;0.0
[35, 0, 3];2.25;0.0
[35, 0, 4];0.788;0.0
[35, 0, 5];0.788;0.0
[35, 0, 6];0.982;0.0
[35, 0, 7];0.355;0.0262522522523
[35, 0, 8];0.161;0.0
[35, 0, 9];0.962;0.0
[35, 0, 10];0.788;0.0
[35, 0, 11];68.4529161074;23.2024798658
[35, 0, 12];2.25;0.0
[35, 0, 13];35.0868825503;10.850090604
[35, 1, 0];0.788;0.0
[35, 1, 1];0.355;0.0811441441441
[35, 1, 2];0.962;0.0
[35, 1, 3];2.25;0.0
[35, 2, 0];0.962;0.0
[35, 2, 1];0.788;0.0
[35, 2, 2];0.788;0.0
[35, 2, 3];3.701;0.0
[35, 2, 4];11.7221973244;14.9478428094
[35, 2, 5];35.086;2.7498590604
[35, 2, 6];35.0861610738;3.58876174497
[35, 2, 7];2.25;0.0
[35, 2, 8];35.0863489933;4.71865436242
[35, 2, 9];173.872228188;165.83188255
[35, 2, 10];2.25;0.0
[35, 2, 11];2.25;0.0
[35, 2, 12];0.982;0.0
[35, 3, 0];11.7219063545;10.9783110368
[35, 3, 1];3.701;0.0
[35, 3, 2];3.216;0.0
[36, 0, 0];35.0863691275;4.81390268456
[36, 0, 2];3.701;0.0
[36, 0, 3];0.355;0.0377567567568
[36, 0, 4];0.161;0.0
[36, 0, 5];0.788;0.0
[36, 0, 6];0.962;0.0
[36, 0, 7];0.161;0.0
[36, 0, 8];35.0871241611;13.9580033557
[36, 0, 9];3.216;0.0
[36, 0, 10];0.161;0.0
[36, 1, 0];3.216;0.0
[36, 1, 1];0.982;0.0
[36, 1, 2];0.982;0.0
[36, 1, 3];0.788;0.0
[36, 1, 4];0.355;0.0673243243243
[36, 1, 5];68.4573456376;76.8653892617
[36, 1, 6];0.962;0.0
[36, 1, 7];0.982;0.0
[36, 1, 8];0.355;0.0437657657658
[36, 1, 9];0.161;0.0
[36, 1, 10];0.788;0.0
[36, 1, 11];3.701;0.0
[36, 1, 12];0.962;0.0
[36, 2, 0];0.355;0.0309009009009
[36, 2, 2];0.161;0.0
[36, 2, 3];0.788;0.0
[36, 2, 4];0.982;0.0
[36, 2, 5];0.355;0.0688828828829
[36, 2, 6];0.982;0.0
[36, 2, 7];35.0866442953;8.5694295302
[36, 3, 0];0.962;0.0
[36, 3, 1];3.216;0.0
[36, 3, 2];3.701;0.0
[36, 3, 3];2.25;0.0
[36, 4, 0];3.216;0.0
[36, 4, 1];173.869684564;136.839174497
[36, 5, 0];3.216;0.0
[36, 5, 1];0.982;0.0
[36, 5, 2];11.7225618729;18.7505217391
[36, 5, 3];0.355;0.0302162162162
[36, 5, 4];0.962;0.0
[36, 5, 6];0.355;0.036027027027
[36, 5, 7];0.788;0.0
[36, 5, 8];0.788;0.0
[36, 5, 9];0.161;0.0
[36, 6, 0];2.25;0.0
[36, 6, 1];11.721632107;8.17692307692
[36, 6, 2];3.701;0.0
[36, 6, 3];0.788;0.0
[36, 6, 4];0.161;0.0
[36, 6, 5];0.355;0.0650990990991
[36, 6, 6];2.25;0.0
[36, 6, 8];0.788;0.0
[37, 0, 0];0.355;0.0400630630631
[37, 0, 1];0.962;0.0
[37, 0, 2];3.701;0.0
[37, 0, 3];35.0863422819;4.63709395973
[37, 0, 4];35.0866610738;9.03086912752
[37, 1, 0];35.0864563758;5.63468456376
[37, 1, 2];0.355;0.0233243243243
[37, 1, 3];0.788;0.0
[37, 1, 4];0.962;0.0
[37, 2, 0];0.962;0.0
[37, 2, 1];2.25;0.0
[37, 2, 2];0.962;0.0
[37, 2, 3];2.25;0.0
[37, 2, 4];3.216;0.0
[37, 2, 5];0.161;0.0
[37, 2, 6];3.701;0.0
[37, 2, 7];0.788;0.0
[37, 2, 9];0.161;0.0
[37, 2, 10];68.453385906;29.1817348993
[37, 2, 11];11.722187291;14.760735786
[37, 2, 12];0.355;0.034954954955
[37, 2, 13];3.216;0.0
[37, 3, 0];0.355;0.0318018018018
[37, 3, 1];2.25;0.0
[37, 3, 2];0.161;0.0
[37, 4, 0];2.25;0.0
[37, 4, 1];68.4541879195;38.8304530201
[37, 4, 2];0.788;0.0
[37, 4, 3];0.962;0.0
[37, 4, 4];173.870721477;148.482567114
[37, 4, 5];68.4526778523;20.5849597315
[37, 4, 7];3.701;0.0
[37, 4, 8];3.216;0.0
[37, 4, 9];173.880674497;269.036624161
[37, 5, 1];0.355;0.0328648648649
[37, 5, 2];0.982;0.0
[37, 5, 3];3.701;0.0
[37, 5, 4];0.788;0.0
[37, 5, 5];0.161;0.0
[37, 5, 6];3.216;0.0
[37, 5, 7];11.7225083612;18.1076521739
[37, 5, 8];3.216;0.0
[37, 5, 9];3.701;0.0
[37, 5, 10];173.877694631;232.389785235
[37, 5, 11];3.216;0.0
[37, 5, 12];3.216;0.0
[37, 5, 13];11.7219431438;11.3483578595
[37, 6, 0];3.701;0.0
[37, 6, 2];68.4524765101;17.9988389262
[37, 6, 3];0.982;0.0
[37, 6, 5];3.701;0.0
[37, 6, 6];3.216;0.0
[37, 6, 7];0.982;0.0
[37, 7, 0];0.355;0.0537657657658
[37, 7, 1];173.881395973;277.993620805
[37, 7, 2];0.788;0.0
[37, 7, 3];0.982;0.0
[37, 7, 4];2.25;0.0
[37, 7, 5];3.216;0.0
[37, 7, 6];35.086;2.89037919463
[37, 7, 7];3.701;0.0
[37, 7, 8];173.87242953;169.560312081
[37, 7, 9];68.4549060403;47.4385671141
[37, 7, 10];2.25;0.0
[37, 7, 11];0.355;0.0609099099099
[37, 7, 12];0.962;0.0
[37, 8, 0];11.7218227425;10.1655250836
[37, 8, 1];11.7219498328;11.3577993311
[37, 8, 2];11.7218494983;10.4318996656
[38, 0, 0];68.4542147651;39.1507852349
[38, 0, 1];0.982;0.0
[38, 1, 0];3.216;0.0
[38, 1, 1];3.216;0.0
[38, 1, 3];0.355;0.0586666666667
[38, 1, 4];0.962;0.0
[38, 2, 0];2.25;0.0
[38, 2, 1];3.701;0.0
[38, 2, 2];3.216;0.0
[38, 2, 3];0.355;0.0322612612613
[38, 2, 4];68.4575872483;80.0270067114
[38, 2, 5];0.161;0.0
[38, 3, 0];0.161;0.0
[38, 3, 1];68.455204698;51.3248892617
[38, 3, 2];0.982;0.0
[38, 3, 3];35.0867718121;9.8737147651
[38, 3, 4];0.161;0.0
[38, 4, 0];0.161;0.0
[38, 4, 1];2.25;0.0
[38, 4, 3];0.161;0.0
[38, 4, 4];35.0866174497;7.97150671141
[38, 5, 0];0.161;0.0
[38, 5, 1];0.788;0.0
[38, 5, 2];35.0864798658;5.82982550336
[38, 6, 0];11.7217892977;9.87037792642
[38, 6, 1];3.701;0.0
[38, 6, 2];3.216;0.0
[38, 6, 3];0.962;0.0
[38, 7, 0];0.962;0.0
[38, 7, 1];3.216;0.0
[38, 8, 0];3.701;0.0
[38, 8, 1];35.0864865772;5.96289932886
[38, 8, 2];0.355;0.0384234234234
[38, 9, 0];68.4529530201;23.7860536913
[38, 9, 1];3.216;0.0
[38, 9, 2];173.88202349;284.245244966
[38, 9, 3];3.701;0.0
[38, 9, 4];0.788;0.0
[38, 9, 5];3.216;0.0
[38, 10, 0];3.216;0.0
[38, 10, 1];68.4530234899;24.4378456376
[38, 10, 2];2.25;0.0
[38, 10, 3];2.25;0.0
[39, 0, 0];0.962;0.0
[39, 0, 1];3.701;0.0
[39, 0, 2];3.216;0.0
[39, 0, 3];0.355;0.0181531531532
[39, 0, 4];0.982;0.0
[39, 1, 0];2.25;0.0
[39, 1, 1];68.4529362416;23.6999865772
[39, 1, 2];2.25;0.0
[39, 1, 3];0.982;0.0
[39, 1, 4];0.788;0.0
[39, 1, 5];0.982;0.0
[39, 1, 6];3.701;0.0
[39, 1, 7];2.25;0.0
[39, 2, 0];11.7221538462;14.2291404682
[39, 2, 2];35.0864932886;6.03643959732
[39, 2, 3];0.982;0.0
[39, 2, 5];68.4529496644;23.6511845638
[39, 2, 6];173.885375839;325.881439597
[39, 2, 7];3.216;0.0
[39, 2, 8];35.0867885906;9.99767449664
[39, 2, 9];11.7217123746;9.31352508361
[39, 3, 0];0.788;0.0
[39, 3, 1];2.25;0.0
[39, 3, 2];3.216;0.0
[39, 4, 0];3.216;0.0
[39, 4, 1];0.962;0.0
[39, 4, 2];2.25;0.0
[39, 4, 3];68.4547315436;45.4513657718
[39, 5, 0];3.216;0.0
[39, 5, 1];0.788;0.0
[39, 5, 2];68.4530973154;25.4756174497
[39, 5, 3];3.216;0.0
[39, 5, 4];0.788;0.0
[39, 5, 5];3.216;0.0
[39, 5, 6];0.355;0.0337027027027
[39, 5, 7];3.216;0.0
[39, 6, 0];0.788;0.0
[39, 6, 1];0.788;0.0
[39, 6, 3];68.4544630872;42.0113288591
[39, 6, 4];3.216;0.0
[39, 6, 5];0.355;0.0414144144144
[39, 6, 6];173.89347651;424.002167785
[39, 6, 7];35.0865201342;6.39343624161
[39, 6, 8];3.216;0.0
[39, 7, 0];0.962;0.0
[39, 7, 1];68.4566912752;69.4150167785
[39, 7, 2];0.962;0.0
[39, 7, 3];0.355;0.0195225225225
[39, 7, 4];3.216;0.0
[39, 7, 5];0.161;0.0
[39, 7, 6];0.161;0.0
[39, 7, 7];2.25;0.0
[39, 7, 8];35.0866241611;8.093
[39, 8, 0];2.25;0.0
[39, 8, 1];0.355;0.0477297297297
[39, 8, 2];3.216;0.0
[39, 8, 3];0.788;0.0
[39, 8, 4];35.0861979866;3.77827516779
[39, 8, 5];0.788;0.0
[39, 8, 6];0.161;0.0
[39, 8, 7];0.788;0.0
[39, 8, 8];2.25;0.0
[39, 8, 9];2.25;0.0
[39, 8, 10];35.086557047;6.88244630872
[39, 8, 11];0.788;0.0
[39, 8, 12];0.788;0.0
[39, 8, 13];35.0869765101;11.8729395973
[39, 9, 1];0.161;0.0
[39, 9, 2];0.355;0.0400720720721
[39, 10, 0];0.982;0.0
[39, 10, 1];0.982;0.0
[39, 10, 2];35.0865436242;6.72374161074
[39, 11, 0];3.701;0.0
[39, 11, 1];68.4552080537;51.2404798658
[39, 11, 2];0.161;0.0
[39, 11, 3];11.7216655518;8.8472006689
[39, 11, 4];11.7220033445;11.9375652174
[39, 11, 5];0.962;0.0
[39, 11, 6];3.216;0.0
[39, 11, 7];3.216;0.0
[39, 11, 8];0.788;0.0
[39, 11, 9];3.701;0.0
[39, 11, 11];68.4525838926;19.3827147651
[39, 11, 12];0.962;0.0
[39, 11, 13];68.4546812081;44.8666073826
[39, 12, 0];3.216;0.0
[39, 12, 1];68.4526342282;19.9210805369
[39, 12, 2];0.962;0.0
[39, 12, 3];3.216;0.0
[39, 12, 4];11.7220769231;13.0424381271
[39, 13, 0];3.216;0.0
[39, 13, 1];173.892466443;411.156416107
[39, 13, 2];3.701;0.0
[39, 13, 3];0.982;0.0
[39, 13, 4];0.982;0.0
[39, 13, 5];3.701;0.0
[39, 13, 6];3.701;0.0
[39, 13, 7];0.962;0.0
[39, 13, 8];0.355;0.0566036036036
[39, 13, 9];3.216;0.0
[39, 13, 10];2.25;0.0
[39, 13, 11];2.25;0.0
[39, 13, 12];3.701;0.0
[39, 13, 13];0.788;0.0
[39, 14, 0];3.216;0.0
[39, 14, 1];0.962;0.0
[39, 14, 2];0.982;0.0
[39, 14, 3];3.216;0.0
[39, 14, 4];2.25;0.0
[39, 14, 5];0.788;0.0
[39, 14, 6];2.25;0.0
[39, 14, 8];35.0866644295;9.10395637584
